{"SMH_SENSOR3": 1733149374.2235732, "SMH_SENSOR4": 1733149163.31177}